,MonitorValue,SensorID,Time,raw,diff
414647,0.05,044A02,2017-09-17 10:00:07,0.05,0.0
414648,0.05,044A02,2017-09-17 10:00:18,0.1,0.05
414655,0.05,044A02,2017-09-17 10:00:29,0.05,0.0
414656,0.05,044A02,2017-09-17 10:00:39,0.06,0.009999999999999995
414663,0.05,044A02,2017-09-17 10:00:50,0.05,0.0
414664,0.05,044A02,2017-09-17 10:01:00,0.07,0.020000000000000004
414671,0.05,044A02,2017-09-17 10:01:11,0.05,0.0
414672,0.05,044A02,2017-09-17 10:01:21,0.1,0.05
414679,0.05,044A02,2017-09-17 10:01:32,0.05,0.0
414680,0.05,044A02,2017-09-17 10:01:42,0.05,0.0
414687,0.05,044A02,2017-09-17 10:01:53,0.05,0.0
414688,0.05,044A02,2017-09-17 10:02:03,0.07,0.020000000000000004
414695,0.05,044A02,2017-09-17 10:02:14,0.05,0.0
414696,0.05,044A02,2017-09-17 10:02:24,2.6,2.5500000000000003
414703,0.05,044A02,2017-09-17 10:02:35,0.05,0.0
414704,0.05,044A02,2017-09-17 10:02:45,0.05,0.0
414711,0.05,044A02,2017-09-17 10:02:56,0.05,0.0
414712,0.05,044A02,2017-09-17 10:03:06,0.07,0.020000000000000004
414719,0.05,044A02,2017-09-17 10:03:17,0.05,0.0
414720,0.05,044A02,2017-09-17 10:03:27,35.09,35.040000000000006
414727,0.05,044A02,2017-09-17 10:03:38,0.05,0.0
414728,0.05,044A02,2017-09-17 10:03:49,0.05,0.0
414735,0.05,044A02,2017-09-17 10:03:59,0.05,0.0
414736,0.05,044A02,2017-09-17 10:04:10,0.07,0.020000000000000004
414743,0.05,044A02,2017-09-17 10:04:21,0.05,0.0
414744,0.05,044A02,2017-09-17 10:04:32,78.83,78.78
414751,0.05,044A02,2017-09-17 10:04:42,0.05,0.0
414752,0.05,044A02,2017-09-17 10:04:53,0.05,0.0
414759,0.05,044A02,2017-09-17 10:05:04,0.05,0.0
414760,0.05,044A02,2017-09-17 10:05:16,0.07,0.020000000000000004
414767,0.05,044A02,2017-09-17 10:05:26,0.05,0.0
414768,0.05,044A02,2017-09-17 10:05:37,34.47,34.42
414775,0.05,044A02,2017-09-17 10:05:47,0.05,0.0
414776,0.05,044A02,2017-09-17 10:05:58,0.06,0.009999999999999995
414783,0.05,044A02,2017-09-17 10:06:10,0.05,0.0
414784,0.05,044A02,2017-09-17 10:06:21,0.07,0.020000000000000004
414791,0.05,044A02,2017-09-17 10:06:32,0.05,0.0
414792,0.05,044A02,2017-09-17 10:06:43,2.6,2.5500000000000003
414799,0.05,044A02,2017-09-17 10:06:53,0.05,0.0
414800,0.05,044A02,2017-09-17 10:07:03,0.06,0.009999999999999995
414807,0.05,044A02,2017-09-17 10:07:14,0.05,0.0
414808,0.05,044A02,2017-09-17 10:07:25,0.07,0.020000000000000004
414815,0.05,044A02,2017-09-17 10:07:35,0.05,0.0
414816,0.05,044A02,2017-09-17 10:07:46,30.09,30.04
414823,0.05,044A02,2017-09-17 10:07:56,0.05,0.0
414824,0.05,044A02,2017-09-17 10:08:06,0.06,0.009999999999999995
414831,0.05,044A02,2017-09-17 10:08:17,0.05,0.0
414832,0.05,044A02,2017-09-17 10:08:28,0.07,0.020000000000000004
414839,0.05,044A02,2017-09-17 10:08:38,0.05,0.0
414840,0.05,044A02,2017-09-17 10:08:49,100.7,100.65
414847,0.05,044A02,2017-09-17 10:08:59,0.05,0.0
414848,0.05,044A02,2017-09-17 10:09:10,0.05,0.0
414855,0.05,044A02,2017-09-17 10:09:20,0.05,0.0
414856,0.05,044A02,2017-09-17 10:09:31,0.07,0.020000000000000004
414863,0.05,044A02,2017-09-17 10:09:41,0.05,0.0
414864,0.05,044A02,2017-09-17 10:09:52,133.82,133.76999999999998
414871,0.05,044A02,2017-09-17 10:10:03,0.05,0.0
414872,0.05,044A02,2017-09-17 10:10:13,0.05,0.0
414879,0.05,044A02,2017-09-17 10:10:24,0.05,0.0
414880,0.05,044A02,2017-09-17 10:10:34,0.07,0.020000000000000004
414887,0.05,044A02,2017-09-17 10:10:45,0.05,0.0
414888,0.05,044A02,2017-09-17 10:10:55,53.84,53.790000000000006
414895,0.05,044A02,2017-09-17 10:11:06,0.05,0.0
414896,0.05,044A02,2017-09-17 10:11:17,0.05,0.0
414903,0.05,044A02,2017-09-17 10:11:27,0.05,0.0
414904,0.05,044A02,2017-09-17 10:11:38,0.07,0.020000000000000004
414911,0.05,044A02,2017-09-17 10:11:48,0.05,0.0
414912,0.05,044A02,2017-09-17 10:11:59,108.2,108.15
414919,0.05,044A02,2017-09-17 10:12:09,0.05,0.0
414920,0.05,044A02,2017-09-17 10:12:20,0.05,0.0
414927,0.05,044A02,2017-09-17 10:12:31,0.05,0.0
414928,0.05,044A02,2017-09-17 10:12:41,0.07,0.020000000000000004
414935,0.05,044A02,2017-09-17 10:12:52,0.05,0.0
414936,0.05,044A02,2017-09-17 10:13:02,135.7,135.64999999999998
414943,0.05,044A02,2017-09-17 10:13:13,0.05,0.0
414944,0.05,044A02,2017-09-17 10:13:23,0.05,0.0
414951,0.05,044A02,2017-09-17 10:13:33,0.05,0.0
414952,0.05,044A02,2017-09-17 10:13:44,0.07,0.020000000000000004
414959,0.05,044A02,2017-09-17 10:13:54,0.05,0.0
414960,0.05,044A02,2017-09-17 10:14:05,116.95,116.9
414967,0.05,044A02,2017-09-17 10:14:15,0.05,0.0
414968,0.05,044A02,2017-09-17 10:14:26,0.05,0.0
414975,0.05,044A02,2017-09-17 10:14:36,0.05,0.0
414976,0.05,044A02,2017-09-17 10:14:47,0.07,0.020000000000000004
414983,0.05,044A02,2017-09-17 10:14:57,0.05,0.0
414984,0.05,044A02,2017-09-17 10:15:08,79.46,79.41
414991,0.05,044A02,2017-09-17 10:15:20,0.05,0.0
414992,0.05,044A02,2017-09-17 10:15:31,0.05,0.0
414999,0.05,044A02,2017-09-17 10:15:41,0.05,0.0
415000,0.05,044A02,2017-09-17 10:15:52,0.07,0.020000000000000004
415007,0.05,044A02,2017-09-17 10:16:03,0.05,0.0
415008,0.05,044A02,2017-09-17 10:16:13,29.47,29.419999999999998
415015,0.05,044A02,2017-09-17 10:16:24,0.05,0.0
415016,0.05,044A02,2017-09-17 10:16:35,0.06,0.009999999999999995
415023,0.05,044A02,2017-09-17 10:16:45,0.05,0.0
415024,0.05,044A02,2017-09-17 10:16:56,0.07,0.020000000000000004
415031,0.05,044A02,2017-09-17 10:17:06,0.05,0.0
415032,0.05,044A02,2017-09-17 10:17:17,23.22,23.169999999999998
415039,0.05,044A02,2017-09-17 10:17:27,0.05,0.0
415040,0.05,044A02,2017-09-17 10:17:38,0.06,0.009999999999999995
415047,0.05,044A02,2017-09-17 10:17:54,0.05,0.0
415048,0.05,044A02,2017-09-17 10:18:12,0.07,0.020000000000000004
415055,0.05,044A02,2017-09-17 10:18:27,0.05,0.0
415056,0.05,044A02,2017-09-17 10:18:38,15.72,15.67
415063,0.05,044A02,2017-09-17 10:18:48,0.05,0.0
415064,0.05,044A02,2017-09-17 10:18:59,0.06,0.009999999999999995
415071,0.05,044A02,2017-09-17 10:19:09,0.05,0.0
415072,0.05,044A02,2017-09-17 10:19:41,0.07,0.020000000000000004
415079,0.05,044A02,2017-09-17 10:19:52,0.05,0.0
415080,0.05,044A02,2017-09-17 10:20:02,6.97,6.92
415087,0.05,044A02,2017-09-17 10:20:13,0.05,0.0
415088,0.05,044A02,2017-09-17 10:20:24,0.06,0.009999999999999995
415095,0.05,044A02,2017-09-17 10:20:35,0.05,0.0
415096,0.05,044A02,2017-09-17 10:20:45,0.07,0.020000000000000004
415103,0.05,044A02,2017-09-17 10:20:56,0.05,0.0
415104,0.05,044A02,2017-09-17 10:21:08,3.22,3.1700000000000004
415111,0.05,044A02,2017-09-17 10:21:18,0.05,0.0
415112,0.05,044A02,2017-09-17 10:21:29,0.06,0.009999999999999995
415119,0.05,044A02,2017-09-17 10:21:39,0.05,0.0
415120,0.05,044A02,2017-09-17 10:21:50,0.07,0.020000000000000004
415127,0.05,044A02,2017-09-17 10:22:00,0.05,0.0
415128,0.05,044A02,2017-09-17 10:22:11,0.1,0.05
415135,0.05,044A02,2017-09-17 10:22:21,0.05,0.0
415136,0.05,044A02,2017-09-17 10:22:32,0.06,0.009999999999999995
415143,0.05,044A02,2017-09-17 10:22:43,0.05,0.0
415144,0.05,044A02,2017-09-17 10:22:53,0.07,0.020000000000000004
415151,0.05,044A02,2017-09-17 10:23:04,0.05,0.0
415152,0.05,044A02,2017-09-17 10:23:15,5.72,5.67
415159,0.05,044A02,2017-09-17 10:23:25,0.05,0.0
415160,0.05,044A02,2017-09-17 10:23:36,0.06,0.009999999999999995
415167,0.05,044A02,2017-09-17 10:23:47,0.05,0.0
415168,0.05,044A02,2017-09-17 10:23:57,0.07,0.020000000000000004
415175,0.05,044A02,2017-09-17 10:24:08,0.05,0.0
415176,0.05,044A02,2017-09-17 10:24:19,14.47,14.42
415183,0.05,044A02,2017-09-17 10:24:30,0.05,0.0
415184,0.05,044A02,2017-09-17 10:24:40,0.06,0.009999999999999995
415191,0.05,044A02,2017-09-17 10:24:50,0.05,0.0
415192,0.05,044A02,2017-09-17 10:25:01,0.07,0.020000000000000004
415199,0.05,044A02,2017-09-17 10:25:12,0.05,0.0
415200,0.05,044A02,2017-09-17 10:25:22,5.1,5.05
415207,0.05,044A02,2017-09-17 10:25:33,0.05,0.0
415208,0.05,044A02,2017-09-17 10:25:43,0.06,0.009999999999999995
415215,0.05,044A02,2017-09-17 10:25:54,0.05,0.0
415216,0.05,044A02,2017-09-17 10:26:05,0.07,0.020000000000000004
415223,0.05,044A02,2017-09-17 10:26:15,0.05,0.0
415224,0.05,044A02,2017-09-17 10:26:26,5.1,5.05
415231,0.05,044A02,2017-09-17 10:26:36,0.05,0.0
415232,0.05,044A02,2017-09-17 10:26:47,0.06,0.009999999999999995
415239,0.05,044A02,2017-09-17 10:26:58,0.05,0.0
415240,0.05,044A02,2017-09-17 10:27:08,0.07,0.020000000000000004
415247,0.05,044A02,2017-09-17 10:27:19,0.05,0.0
415248,0.05,044A02,2017-09-17 10:27:29,40.72,40.67
415255,0.05,044A02,2017-09-17 10:27:40,0.05,0.0
415256,0.05,044A02,2017-09-17 10:27:51,0.06,0.009999999999999995
415263,0.05,044A02,2017-09-17 10:28:01,0.05,0.0
415264,0.05,044A02,2017-09-17 10:28:12,0.07,0.020000000000000004
415271,0.05,044A02,2017-09-17 10:28:22,0.05,0.0
415272,0.05,044A02,2017-09-17 10:28:33,110.7,110.65
415279,0.05,044A02,2017-09-17 10:28:43,0.05,0.0
415280,0.05,044A02,2017-09-17 10:28:54,0.06,0.009999999999999995
415287,0.05,044A02,2017-09-17 10:29:04,0.05,0.0
415288,0.05,044A02,2017-09-17 10:29:15,0.07,0.020000000000000004
415295,0.05,044A02,2017-09-17 10:29:25,0.05,0.0
415296,0.05,044A02,2017-09-17 10:29:36,140.7,140.64999999999998
415303,0.05,044A02,2017-09-17 10:29:47,0.05,0.0
415304,0.05,044A02,2017-09-17 10:29:59,0.06,0.009999999999999995
415311,0.05,044A02,2017-09-17 10:30:10,0.05,0.0
415312,0.05,044A02,2017-09-17 10:30:20,0.07,0.020000000000000004
415319,0.05,044A02,2017-09-17 10:30:31,0.05,0.0
415320,0.05,044A02,2017-09-17 10:30:42,96.33,96.28
415327,0.05,044A02,2017-09-17 10:30:52,0.05,0.0
415328,0.05,044A02,2017-09-17 10:31:03,0.06,0.009999999999999995
415335,0.05,044A02,2017-09-17 10:31:13,0.05,0.0
415336,0.05,044A02,2017-09-17 10:31:24,0.08,0.03
415343,0.05,044A02,2017-09-17 10:31:34,0.05,0.0
415344,0.05,044A02,2017-09-17 10:31:45,99.46,99.41
415351,0.05,044A02,2017-09-17 10:31:55,0.05,0.0
415352,0.05,044A02,2017-09-17 10:32:06,0.06,0.009999999999999995
415359,0.05,044A02,2017-09-17 10:32:16,0.05,0.0
415360,0.05,044A02,2017-09-17 10:32:27,0.08,0.03
415367,0.05,044A02,2017-09-17 10:32:37,0.05,0.0
415368,0.05,044A02,2017-09-17 10:32:48,85.71,85.66
415375,0.05,044A02,2017-09-17 10:32:58,0.05,0.0
415376,0.05,044A02,2017-09-17 10:33:10,0.06,0.009999999999999995
415383,0.05,044A02,2017-09-17 10:33:20,0.05,0.0
415384,0.05,044A02,2017-09-17 10:33:31,0.08,0.03
415391,0.05,044A02,2017-09-17 10:33:41,0.05,0.0
415392,0.05,044A02,2017-09-17 10:33:52,45.09,45.040000000000006
415399,0.05,044A02,2017-09-17 10:34:02,0.05,0.0
415400,0.05,044A02,2017-09-17 10:34:13,0.06,0.009999999999999995
415407,0.05,044A02,2017-09-17 10:34:23,0.05,0.0
415408,0.05,044A02,2017-09-17 10:34:34,0.08,0.03
415415,0.05,044A02,2017-09-17 10:34:44,0.05,0.0
415416,0.05,044A02,2017-09-17 10:34:55,80.71,80.66
415423,0.06,044A02,2017-09-17 10:35:05,0.06,0.0
415424,0.06,044A02,2017-09-17 10:35:16,0.06,0.0
415431,0.06,044A02,2017-09-17 10:35:27,0.06,0.0
415432,0.06,044A02,2017-09-17 10:35:37,0.07,0.010000000000000009
415439,0.05,044A02,2017-09-17 10:35:48,0.05,0.0
415440,0.05,044A02,2017-09-17 10:35:58,100.7,100.65
415447,0.06,044A02,2017-09-17 10:36:09,0.06,0.0
415448,0.06,044A02,2017-09-17 10:36:19,0.06,0.0
415455,0.06,044A02,2017-09-17 10:36:30,0.06,0.0
415456,0.06,044A02,2017-09-17 10:36:40,0.08,0.020000000000000004
415463,0.06,044A02,2017-09-17 10:36:51,0.06,0.0
415464,0.06,044A02,2017-09-17 10:37:01,66.96,66.89999999999999
415471,0.05,044A02,2017-09-17 10:37:12,0.05,0.0
415472,0.05,044A02,2017-09-17 10:37:23,0.06,0.009999999999999995
415479,0.06,044A02,2017-09-17 10:37:33,0.06,0.0
415480,0.06,044A02,2017-09-17 10:37:44,0.07,0.010000000000000009
415487,0.06,044A02,2017-09-17 10:37:54,0.06,0.0
415488,0.06,044A02,2017-09-17 10:38:06,22.6,22.540000000000003
415495,0.06,044A02,2017-09-17 10:38:16,0.06,0.0
415496,0.06,044A02,2017-09-17 10:38:27,0.06,0.0
415503,0.06,044A02,2017-09-17 10:38:37,0.06,0.0
415504,0.06,044A02,2017-09-17 10:38:48,0.08,0.020000000000000004
415511,0.06,044A02,2017-09-17 10:38:58,0.06,0.0
415512,0.06,044A02,2017-09-17 10:39:09,28.22,28.16
415519,0.06,044A02,2017-09-17 10:39:19,0.06,0.0
415520,0.06,044A02,2017-09-17 10:39:30,0.06,0.0
415527,0.06,044A02,2017-09-17 10:39:40,0.06,0.0
415528,0.06,044A02,2017-09-17 10:39:51,0.08,0.020000000000000004
415535,0.06,044A02,2017-09-17 10:40:01,0.06,0.0
415536,0.06,044A02,2017-09-17 10:40:12,11.97,11.91
415543,0.06,044A02,2017-09-17 10:40:23,0.06,0.0
415544,0.06,044A02,2017-09-17 10:40:33,0.06,0.0
415551,0.06,044A02,2017-09-17 10:40:44,0.06,0.0
415552,0.06,044A02,2017-09-17 10:40:54,0.07,0.010000000000000009
415559,0.06,044A02,2017-09-17 10:41:05,0.06,0.0
415560,0.06,044A02,2017-09-17 10:41:15,10.72,10.66
415567,0.06,044A02,2017-09-17 10:41:26,0.06,0.0
415568,0.06,044A02,2017-09-17 10:41:36,0.06,0.0
415575,0.06,044A02,2017-09-17 10:41:47,0.06,0.0
415576,0.06,044A02,2017-09-17 10:41:57,0.07,0.010000000000000009
415583,0.06,044A02,2017-09-17 10:42:08,0.06,0.0
415584,0.06,044A02,2017-09-17 10:42:18,7.6,7.54
415591,0.06,044A02,2017-09-17 10:42:29,0.06,0.0
415592,0.06,044A02,2017-09-17 10:42:39,0.06,0.0
415599,0.06,044A02,2017-09-17 10:42:50,0.06,0.0
415600,0.06,044A02,2017-09-17 10:43:00,0.07,0.010000000000000009
415607,0.06,044A02,2017-09-17 10:43:11,0.06,0.0
415608,0.06,044A02,2017-09-17 10:43:21,33.84,33.78
415615,0.06,044A02,2017-09-17 10:43:32,0.06,0.0
415616,0.06,044A02,2017-09-17 10:43:43,0.06,0.0
415623,0.06,044A02,2017-09-17 10:43:53,0.06,0.0
415624,0.06,044A02,2017-09-17 10:44:04,0.07,0.010000000000000009
415631,0.06,044A02,2017-09-17 10:44:14,0.06,0.0
415632,0.06,044A02,2017-09-17 10:44:25,37.59,37.53
415639,0.06,044A02,2017-09-17 10:44:35,0.06,0.0
415640,0.06,044A02,2017-09-17 10:44:46,0.06,0.0
415647,0.06,044A02,2017-09-17 10:44:57,0.06,0.0
415648,0.06,044A02,2017-09-17 10:45:07,0.07,0.010000000000000009
415655,0.06,044A02,2017-09-17 10:45:18,0.06,0.0
415656,0.06,044A02,2017-09-17 10:45:28,41.97,41.91
415663,0.06,044A02,2017-09-17 10:45:39,0.06,0.0
415664,0.06,044A02,2017-09-17 10:45:49,0.06,0.0
415671,0.06,044A02,2017-09-17 10:46:00,0.06,0.0
415672,0.06,044A02,2017-09-17 10:46:10,0.07,0.010000000000000009
415679,0.06,044A02,2017-09-17 10:46:20,0.06,0.0
415680,0.06,044A02,2017-09-17 10:46:31,21.35,21.290000000000003
415687,0.06,044A02,2017-09-17 10:46:42,0.06,0.0
415688,0.06,044A02,2017-09-17 10:46:52,0.06,0.0
415695,0.06,044A02,2017-09-17 10:47:03,0.06,0.0
415696,0.06,044A02,2017-09-17 10:47:13,0.08,0.020000000000000004
415703,0.06,044A02,2017-09-17 10:47:23,0.06,0.0
415704,0.06,044A02,2017-09-17 10:47:34,0.1,0.04000000000000001
415711,0.06,044A02,2017-09-17 10:47:44,0.06,0.0
415712,0.06,044A02,2017-09-17 10:47:55,0.06,0.0
415719,0.06,044A02,2017-09-17 10:48:06,0.06,0.0
415720,0.06,044A02,2017-09-17 10:48:16,0.08,0.020000000000000004
415727,0.06,044A02,2017-09-17 10:48:27,0.06,0.0
415728,0.06,044A02,2017-09-17 10:48:37,0.1,0.04000000000000001
415735,0.06,044A02,2017-09-17 10:48:48,0.06,0.0
415736,0.06,044A02,2017-09-17 10:48:59,0.06,0.0
415743,0.06,044A02,2017-09-17 10:49:09,0.06,0.0
415744,0.06,044A02,2017-09-17 10:49:20,0.07,0.010000000000000009
415751,0.06,044A02,2017-09-17 10:49:30,0.06,0.0
415752,0.06,044A02,2017-09-17 10:49:41,0.1,0.04000000000000001
415759,0.06,044A02,2017-09-17 10:49:51,0.06,0.0
415760,0.06,044A02,2017-09-17 10:50:02,0.06,0.0
415767,0.06,044A02,2017-09-17 10:50:12,0.06,0.0
415768,0.06,044A02,2017-09-17 10:50:24,0.07,0.010000000000000009
415775,0.06,044A02,2017-09-17 10:50:34,0.06,0.0
415776,0.06,044A02,2017-09-17 10:50:45,0.1,0.04000000000000001
415783,0.06,044A02,2017-09-17 10:50:56,0.06,0.0
415784,0.06,044A02,2017-09-17 10:51:06,0.06,0.0
415791,0.06,044A02,2017-09-17 10:51:17,0.06,0.0
415792,0.06,044A02,2017-09-17 10:51:27,0.07,0.010000000000000009
415799,0.06,044A02,2017-09-17 10:51:38,0.06,0.0
415800,0.06,044A02,2017-09-17 10:51:48,0.1,0.04000000000000001
415807,0.06,044A02,2017-09-17 10:51:59,0.06,0.0
415808,0.06,044A02,2017-09-17 10:52:09,0.06,0.0
415815,0.06,044A02,2017-09-17 10:52:20,0.06,0.0
415816,0.06,044A02,2017-09-17 10:52:30,0.08,0.020000000000000004
415823,0.06,044A02,2017-09-17 10:52:41,0.06,0.0
415824,0.06,044A02,2017-09-17 10:52:51,0.1,0.04000000000000001
415831,0.06,044A02,2017-09-17 10:53:02,0.06,0.0
415832,0.06,044A02,2017-09-17 10:53:12,0.06,0.0
415839,0.06,044A02,2017-09-17 10:53:23,0.06,0.0
415840,0.06,044A02,2017-09-17 10:53:33,0.07,0.010000000000000009
415847,0.06,044A02,2017-09-17 10:53:44,0.06,0.0
415848,0.06,044A02,2017-09-17 10:53:54,0.1,0.04000000000000001
415855,0.06,044A02,2017-09-17 10:54:05,0.06,0.0
415856,0.06,044A02,2017-09-17 10:54:16,0.06,0.0
415863,0.06,044A02,2017-09-17 10:54:26,0.06,0.0
415864,0.06,044A02,2017-09-17 10:54:37,0.07,0.010000000000000009
415871,0.06,044A02,2017-09-17 10:54:47,0.06,0.0
415872,0.06,044A02,2017-09-17 10:54:58,0.1,0.04000000000000001
415879,0.06,044A02,2017-09-17 10:55:08,0.06,0.0
415880,0.06,044A02,2017-09-17 10:55:19,0.06,0.0
415887,0.06,044A02,2017-09-17 10:55:29,0.06,0.0
415888,0.06,044A02,2017-09-17 10:55:40,0.07,0.010000000000000009
415895,0.06,044A02,2017-09-17 10:55:50,0.06,0.0
415896,0.06,044A02,2017-09-17 10:56:01,0.1,0.04000000000000001
415903,0.06,044A02,2017-09-17 10:56:11,0.06,0.0
415904,0.06,044A02,2017-09-17 10:56:22,0.06,0.0
415911,0.06,044A02,2017-09-17 10:56:32,0.06,0.0
415912,0.06,044A02,2017-09-17 10:56:42,0.07,0.010000000000000009
415919,0.06,044A02,2017-09-17 10:56:53,0.06,0.0
415920,0.06,044A02,2017-09-17 10:57:04,0.1,0.04000000000000001
415927,0.06,044A02,2017-09-17 10:57:14,0.06,0.0
415928,0.06,044A02,2017-09-17 10:57:25,0.06,0.0
415935,0.06,044A02,2017-09-17 10:57:35,0.06,0.0
415936,0.06,044A02,2017-09-17 10:57:46,0.07,0.010000000000000009
415943,0.06,044A02,2017-09-17 10:57:57,0.06,0.0
415944,0.06,044A02,2017-09-17 10:58:07,0.1,0.04000000000000001
415951,0.06,044A02,2017-09-17 10:58:18,0.06,0.0
415952,0.06,044A02,2017-09-17 10:58:28,0.06,0.0
415959,0.06,044A02,2017-09-17 10:58:39,0.06,0.0
415960,0.06,044A02,2017-09-17 10:58:49,0.07,0.010000000000000009
415967,0.06,044A02,2017-09-17 10:59:00,0.06,0.0
415968,0.06,044A02,2017-09-17 10:59:11,0.1,0.04000000000000001
415975,0.06,044A02,2017-09-17 10:59:22,0.06,0.0
415976,0.06,044A02,2017-09-17 10:59:33,0.06,0.0
415983,0.06,044A02,2017-09-17 10:59:43,0.06,0.0
415984,0.06,044A02,2017-09-17 10:59:54,0.07,0.010000000000000009
415991,0.06,044A02,2017-09-17 11:00:05,0.06,0.0
415992,0.06,044A02,2017-09-17 11:00:16,2.6,2.54
415999,0.06,044A02,2017-09-17 11:00:27,0.06,0.0
416000,0.06,044A02,2017-09-17 11:00:37,0.06,0.0
416007,0.06,044A02,2017-09-17 11:00:48,0.06,0.0
416008,0.06,044A02,2017-09-17 11:00:59,0.07,0.010000000000000009
416015,0.06,044A02,2017-09-17 11:01:09,0.06,0.0
416016,0.06,044A02,2017-09-17 11:01:20,25.1,25.040000000000003
416023,0.06,044A02,2017-09-17 11:01:30,0.06,0.0
416024,0.06,044A02,2017-09-17 11:01:41,0.06,0.0
416031,0.06,044A02,2017-09-17 11:01:51,0.06,0.0
416032,0.06,044A02,2017-09-17 11:02:02,0.07,0.010000000000000009
416039,0.06,044A02,2017-09-17 11:02:13,0.06,0.0
416040,0.06,044A02,2017-09-17 11:02:24,23.22,23.16
416047,0.06,044A02,2017-09-17 11:02:34,0.06,0.0
416048,0.06,044A02,2017-09-17 11:02:44,0.06,0.0
416055,0.06,044A02,2017-09-17 11:02:55,0.06,0.0
416056,0.06,044A02,2017-09-17 11:03:06,0.07,0.010000000000000009
416063,0.06,044A02,2017-09-17 11:03:16,0.06,0.0
416064,0.06,044A02,2017-09-17 11:03:27,32.59,32.53
416071,0.06,044A02,2017-09-17 11:03:37,0.06,0.0
416072,0.06,044A02,2017-09-17 11:03:48,0.06,0.0
416079,0.06,044A02,2017-09-17 11:03:59,0.06,0.0
416080,0.06,044A02,2017-09-17 11:04:09,0.07,0.010000000000000009
416087,0.06,044A02,2017-09-17 11:04:20,0.06,0.0
416088,0.06,044A02,2017-09-17 11:04:30,36.97,36.91
416095,0.06,044A02,2017-09-17 11:04:41,0.06,0.0
416096,0.06,044A02,2017-09-17 11:04:51,0.06,0.0
416103,0.06,044A02,2017-09-17 11:05:03,0.06,0.0
416104,0.06,044A02,2017-09-17 11:05:14,0.07,0.010000000000000009
416111,0.06,044A02,2017-09-17 11:05:24,0.06,0.0
416112,0.06,044A02,2017-09-17 11:05:34,98.21,98.14999999999999
416119,0.06,044A02,2017-09-17 11:05:45,0.06,0.0
416120,0.06,044A02,2017-09-17 11:05:55,0.06,0.0
416127,0.06,044A02,2017-09-17 11:06:06,0.06,0.0
416128,0.06,044A02,2017-09-17 11:06:16,0.07,0.010000000000000009
416135,0.06,044A02,2017-09-17 11:06:27,0.06,0.0
416136,0.06,044A02,2017-09-17 11:06:37,70.09,70.03
416143,0.06,044A02,2017-09-17 11:06:48,0.06,0.0
416144,0.06,044A02,2017-09-17 11:06:58,0.06,0.0
416151,0.06,044A02,2017-09-17 11:07:09,0.06,0.0
416152,0.06,044A02,2017-09-17 11:07:20,0.07,0.010000000000000009
416159,0.06,044A02,2017-09-17 11:07:30,0.06,0.0
416160,0.06,044A02,2017-09-17 11:07:41,57.59,57.53
416167,0.06,044A02,2017-09-17 11:07:51,0.06,0.0
416168,0.06,044A02,2017-09-17 11:08:02,0.06,0.0
416175,0.06,044A02,2017-09-17 11:08:12,0.06,0.0
416176,0.06,044A02,2017-09-17 11:08:23,0.07,0.010000000000000009
416183,0.06,044A02,2017-09-17 11:08:33,0.06,0.0
416184,0.06,044A02,2017-09-17 11:08:44,48.22,48.16
416191,0.06,044A02,2017-09-17 11:08:54,0.06,0.0
416192,0.06,044A02,2017-09-17 11:09:05,0.06,0.0
416199,0.06,044A02,2017-09-17 11:09:16,0.06,0.0
416200,0.06,044A02,2017-09-17 11:09:26,0.07,0.010000000000000009
416207,0.06,044A02,2017-09-17 11:09:36,0.06,0.0
416208,0.06,044A02,2017-09-17 11:09:47,7.6,7.54
416215,0.06,044A02,2017-09-17 11:09:57,0.06,0.0
416216,0.06,044A02,2017-09-17 11:10:08,0.06,0.0
416223,0.06,044A02,2017-09-17 11:10:19,0.06,0.0
416224,0.06,044A02,2017-09-17 11:10:29,0.08,0.020000000000000004
416231,0.06,044A02,2017-09-17 11:10:40,0.06,0.0
416232,0.06,044A02,2017-09-17 11:10:50,3.22,3.16
416239,0.06,044A02,2017-09-17 11:11:01,0.06,0.0
416240,0.06,044A02,2017-09-17 11:11:11,0.06,0.0
416247,0.06,044A02,2017-09-17 11:11:22,0.06,0.0
416248,0.06,044A02,2017-09-17 11:11:32,0.07,0.010000000000000009
416255,0.06,044A02,2017-09-17 11:11:43,0.06,0.0
416256,0.06,044A02,2017-09-17 11:11:53,1.97,1.91
416263,0.06,044A02,2017-09-17 11:12:05,0.06,0.0
416264,0.06,044A02,2017-09-17 11:12:15,0.06,0.0
416271,0.06,044A02,2017-09-17 11:12:26,0.06,0.0
416272,0.06,044A02,2017-09-17 11:12:36,0.07,0.010000000000000009
416279,0.06,044A02,2017-09-17 11:12:47,0.06,0.0
416280,0.06,044A02,2017-09-17 11:12:58,0.1,0.04000000000000001
416287,0.06,044A02,2017-09-17 11:13:09,0.06,0.0
416288,0.06,044A02,2017-09-17 11:13:19,0.06,0.0
416295,0.06,044A02,2017-09-17 11:13:30,0.06,0.0
416296,0.06,044A02,2017-09-17 11:13:40,0.08,0.020000000000000004
416303,0.06,044A02,2017-09-17 11:13:51,0.06,0.0
416304,0.06,044A02,2017-09-17 11:14:01,7.6,7.54
416311,0.06,044A02,2017-09-17 11:14:12,0.06,0.0
416312,0.06,044A02,2017-09-17 11:14:22,0.06,0.0
416319,0.06,044A02,2017-09-17 11:14:33,0.06,0.0
416320,0.06,044A02,2017-09-17 11:14:43,0.07,0.010000000000000009
416327,0.06,044A02,2017-09-17 11:14:54,0.06,0.0
416328,0.06,044A02,2017-09-17 11:15:04,0.1,0.04000000000000001
416335,0.06,044A02,2017-09-17 11:15:15,0.06,0.0
416336,0.06,044A02,2017-09-17 11:15:25,0.06,0.0
416343,0.06,044A02,2017-09-17 11:15:36,0.06,0.0
416344,0.06,044A02,2017-09-17 11:15:46,0.08,0.020000000000000004
416351,0.06,044A02,2017-09-17 11:15:57,0.06,0.0
416352,0.06,044A02,2017-09-17 11:16:08,0.1,0.04000000000000001
416359,0.06,044A02,2017-09-17 11:16:19,0.06,0.0
416360,0.06,044A02,2017-09-17 11:16:29,0.06,0.0
416367,0.06,044A02,2017-09-17 11:16:40,0.06,0.0
416368,0.06,044A02,2017-09-17 11:16:51,0.07,0.010000000000000009
416375,0.06,044A02,2017-09-17 11:17:01,0.06,0.0
416376,0.06,044A02,2017-09-17 11:17:12,0.1,0.04000000000000001
416383,0.06,044A02,2017-09-17 11:17:22,0.06,0.0
416384,0.06,044A02,2017-09-17 11:17:33,0.06,0.0
416391,0.06,044A02,2017-09-17 11:17:43,0.06,0.0
416392,0.06,044A02,2017-09-17 11:17:54,0.07,0.010000000000000009
416399,0.06,044A02,2017-09-17 11:18:05,0.06,0.0
416400,0.06,044A02,2017-09-17 11:18:15,11.35,11.29
416407,0.06,044A02,2017-09-17 11:18:26,0.06,0.0
416408,0.06,044A02,2017-09-17 11:18:36,0.06,0.0
416415,0.06,044A02,2017-09-17 11:18:47,0.06,0.0
416416,0.06,044A02,2017-09-17 11:18:57,0.08,0.020000000000000004
416423,0.06,044A02,2017-09-17 11:19:08,0.06,0.0
416424,0.06,044A02,2017-09-17 11:19:18,36.97,36.91
416431,0.06,044A02,2017-09-17 11:19:29,0.06,0.0
416432,0.06,044A02,2017-09-17 11:19:39,0.06,0.0
416439,0.06,044A02,2017-09-17 11:19:50,0.06,0.0
416440,0.06,044A02,2017-09-17 11:20:00,0.07,0.010000000000000009
416447,0.06,044A02,2017-09-17 11:20:11,0.06,0.0
416448,0.06,044A02,2017-09-17 11:20:21,4.47,4.41
416455,0.06,044A02,2017-09-17 11:20:32,0.06,0.0
416456,0.06,044A02,2017-09-17 11:20:42,0.06,0.0
416463,0.06,044A02,2017-09-17 11:20:53,0.06,0.0
416464,0.06,044A02,2017-09-17 11:21:03,0.07,0.010000000000000009
416471,0.06,044A02,2017-09-17 11:21:14,0.06,0.0
416472,0.06,044A02,2017-09-17 11:21:24,7.6,7.54
416479,0.06,044A02,2017-09-17 11:21:35,0.06,0.0
416480,0.06,044A02,2017-09-17 11:21:45,0.06,0.0
416487,0.06,044A02,2017-09-17 11:21:56,0.06,0.0
416488,0.06,044A02,2017-09-17 11:22:07,0.07,0.010000000000000009
416495,0.06,044A02,2017-09-17 11:22:17,0.06,0.0
416496,0.06,044A02,2017-09-17 11:22:28,55.09,55.03
416503,0.06,044A02,2017-09-17 11:22:38,0.06,0.0
416504,0.06,044A02,2017-09-17 11:22:49,0.06,0.0
416511,0.06,044A02,2017-09-17 11:22:59,0.06,0.0
416512,0.06,044A02,2017-09-17 11:23:10,0.08,0.020000000000000004
416519,0.06,044A02,2017-09-17 11:23:21,0.06,0.0
416520,0.06,044A02,2017-09-17 11:23:31,81.33,81.27
416527,0.06,044A02,2017-09-17 11:23:42,0.06,0.0
416528,0.06,044A02,2017-09-17 11:23:52,0.06,0.0
416535,0.06,044A02,2017-09-17 11:24:03,0.06,0.0
416536,0.06,044A02,2017-09-17 11:24:13,0.08,0.020000000000000004
416543,0.06,044A02,2017-09-17 11:24:24,0.06,0.0
416544,0.06,044A02,2017-09-17 11:24:35,41.97,41.91
416551,0.06,044A02,2017-09-17 11:24:45,0.06,0.0
416552,0.06,044A02,2017-09-17 11:24:58,0.06,0.0
416559,0.06,044A02,2017-09-17 11:25:08,0.06,0.0
416560,0.06,044A02,2017-09-17 11:25:19,0.08,0.020000000000000004
416567,0.06,044A02,2017-09-17 11:25:29,0.06,0.0
416568,0.06,044A02,2017-09-17 11:25:40,23.22,23.16
416575,0.06,044A02,2017-09-17 11:25:51,0.06,0.0
416576,0.06,044A02,2017-09-17 11:26:01,0.06,0.0
416583,0.06,044A02,2017-09-17 11:26:12,0.06,0.0
416584,0.06,044A02,2017-09-17 11:26:22,0.07,0.010000000000000009
416591,0.06,044A02,2017-09-17 11:26:33,0.06,0.0
416592,0.06,044A02,2017-09-17 11:26:43,38.22,38.16
416599,0.06,044A02,2017-09-17 11:26:54,0.06,0.0
416600,0.06,044A02,2017-09-17 11:27:05,0.06,0.0
416607,0.06,044A02,2017-09-17 11:27:15,0.06,0.0
416608,0.06,044A02,2017-09-17 11:27:26,0.08,0.020000000000000004
416615,0.06,044A02,2017-09-17 11:27:36,0.06,0.0
416616,0.06,044A02,2017-09-17 11:27:47,61.96,61.9
416623,0.06,044A02,2017-09-17 11:27:58,0.06,0.0
416624,0.06,044A02,2017-09-17 11:28:08,0.06,0.0
416631,0.06,044A02,2017-09-17 11:28:19,0.06,0.0
416632,0.06,044A02,2017-09-17 11:28:29,0.07,0.010000000000000009
416639,0.06,044A02,2017-09-17 11:28:40,0.06,0.0
416640,0.06,044A02,2017-09-17 11:28:50,74.46,74.39999999999999
416647,0.06,044A02,2017-09-17 11:29:01,0.06,0.0
416648,0.06,044A02,2017-09-17 11:29:11,0.06,0.0
416655,0.06,044A02,2017-09-17 11:29:22,0.06,0.0
416656,0.06,044A02,2017-09-17 11:29:32,0.08,0.020000000000000004
416663,0.06,044A02,2017-09-17 11:29:43,0.06,0.0
416664,0.06,044A02,2017-09-17 11:29:54,28.84,28.78
416671,0.06,044A02,2017-09-17 11:30:05,0.06,0.0
416672,0.06,044A02,2017-09-17 11:30:16,0.06,0.0
416679,0.06,044A02,2017-09-17 11:30:26,0.06,0.0
416680,0.06,044A02,2017-09-17 11:30:37,0.08,0.020000000000000004
416687,0.06,044A02,2017-09-17 11:30:47,0.06,0.0
416688,0.06,044A02,2017-09-17 11:30:58,20.1,20.040000000000003
416695,0.06,044A02,2017-09-17 11:31:08,0.06,0.0
416696,0.06,044A02,2017-09-17 11:31:19,0.06,0.0
416703,0.06,044A02,2017-09-17 11:31:30,0.06,0.0
416704,0.06,044A02,2017-09-17 11:31:40,0.08,0.020000000000000004
416711,0.06,044A02,2017-09-17 11:31:51,0.06,0.0
416712,0.06,044A02,2017-09-17 11:32:01,38.84,38.78
416719,0.06,044A02,2017-09-17 11:32:12,0.06,0.0
416720,0.06,044A02,2017-09-17 11:32:22,0.06,0.0
416727,0.06,044A02,2017-09-17 11:32:33,0.06,0.0
416728,0.06,044A02,2017-09-17 11:32:43,0.08,0.020000000000000004
416735,0.06,044A02,2017-09-17 11:32:53,0.06,0.0
416736,0.06,044A02,2017-09-17 11:33:04,40.72,40.66
416743,0.06,044A02,2017-09-17 11:33:14,0.06,0.0
416744,0.06,044A02,2017-09-17 11:33:25,0.06,0.0
416751,0.06,044A02,2017-09-17 11:33:35,0.06,0.0
416752,0.06,044A02,2017-09-17 11:33:46,0.08,0.020000000000000004
416759,0.06,044A02,2017-09-17 11:33:56,0.06,0.0
416760,0.06,044A02,2017-09-17 11:34:07,41.97,41.91
416767,0.06,044A02,2017-09-17 11:34:17,0.06,0.0
416768,0.06,044A02,2017-09-17 11:34:28,0.06,0.0
416775,0.06,044A02,2017-09-17 11:34:38,0.06,0.0
416776,0.06,044A02,2017-09-17 11:34:49,0.08,0.020000000000000004
416783,0.06,044A02,2017-09-17 11:35:00,0.06,0.0
416784,0.06,044A02,2017-09-17 11:35:10,40.09,40.03
416791,0.06,044A02,2017-09-17 11:35:21,0.06,0.0
416792,0.06,044A02,2017-09-17 11:35:31,0.06,0.0
416799,0.06,044A02,2017-09-17 11:35:42,0.06,0.0
416800,0.06,044A02,2017-09-17 11:35:52,0.08,0.020000000000000004
416807,0.06,044A02,2017-09-17 11:36:03,0.06,0.0
416808,0.06,044A02,2017-09-17 11:36:13,55.71,55.65
416815,0.06,044A02,2017-09-17 11:36:24,0.06,0.0
416816,0.06,044A02,2017-09-17 11:36:34,0.07,0.010000000000000009
416823,0.06,044A02,2017-09-17 11:36:45,0.06,0.0
416824,0.06,044A02,2017-09-17 11:36:56,0.08,0.020000000000000004
416831,0.06,044A02,2017-09-17 11:37:06,0.06,0.0
416832,0.06,044A02,2017-09-17 11:37:17,60.09,60.03
416839,0.06,044A02,2017-09-17 11:37:27,0.06,0.0
416840,0.06,044A02,2017-09-17 11:37:37,0.07,0.010000000000000009
416847,0.06,044A02,2017-09-17 11:37:48,0.06,0.0
416848,0.06,044A02,2017-09-17 11:37:59,0.08,0.020000000000000004
416855,0.06,044A02,2017-09-17 11:38:09,0.06,0.0
416856,0.06,044A02,2017-09-17 11:38:19,43.84,43.78
416863,0.06,044A02,2017-09-17 11:38:30,0.06,0.0
416864,0.06,044A02,2017-09-17 11:38:41,0.07,0.010000000000000009
416871,0.06,044A02,2017-09-17 11:38:51,0.06,0.0
416872,0.06,044A02,2017-09-17 11:39:02,0.08,0.020000000000000004
416879,0.06,044A02,2017-09-17 11:39:12,0.06,0.0
416880,0.06,044A02,2017-09-17 11:39:23,30.09,30.03
416887,0.06,044A02,2017-09-17 11:39:33,0.06,0.0
416888,0.06,044A02,2017-09-17 11:39:44,0.07,0.010000000000000009
416895,0.06,044A02,2017-09-17 11:39:54,0.06,0.0
416896,0.06,044A02,2017-09-17 11:40:05,0.08,0.020000000000000004
416903,0.06,044A02,2017-09-17 11:40:16,0.06,0.0
416904,0.06,044A02,2017-09-17 11:40:26,33.22,33.16
416911,0.06,044A02,2017-09-17 11:40:37,0.06,0.0
416912,0.06,044A02,2017-09-17 11:40:47,0.07,0.010000000000000009
416919,0.06,044A02,2017-09-17 11:40:57,0.06,0.0
416920,0.06,044A02,2017-09-17 11:41:08,0.08,0.020000000000000004
416927,0.06,044A02,2017-09-17 11:41:18,0.06,0.0
416928,0.06,044A02,2017-09-17 11:41:29,49.47,49.41
416935,0.06,044A02,2017-09-17 11:41:39,0.06,0.0
416936,0.06,044A02,2017-09-17 11:41:50,0.07,0.010000000000000009
416943,0.06,044A02,2017-09-17 11:42:00,0.06,0.0
416944,0.06,044A02,2017-09-17 11:42:11,0.09,0.03
416951,0.06,044A02,2017-09-17 11:42:21,0.06,0.0
416952,0.06,044A02,2017-09-17 11:42:32,33.84,33.78
416959,0.06,044A02,2017-09-17 11:42:42,0.06,0.0
416960,0.06,044A02,2017-09-17 11:42:53,0.07,0.010000000000000009
416967,0.06,044A02,2017-09-17 11:43:04,0.06,0.0
416968,0.06,044A02,2017-09-17 11:43:14,0.08,0.020000000000000004
416975,0.06,044A02,2017-09-17 11:43:25,0.06,0.0
416976,0.06,044A02,2017-09-17 11:43:35,42.59,42.53
416983,0.06,044A02,2017-09-17 11:43:46,0.06,0.0
416984,0.06,044A02,2017-09-17 11:43:56,0.07,0.010000000000000009
416991,0.06,044A02,2017-09-17 11:44:07,0.06,0.0
416992,0.06,044A02,2017-09-17 11:44:18,0.09,0.03
416999,0.06,044A02,2017-09-17 11:44:29,0.06,0.0
417000,0.06,044A02,2017-09-17 11:44:39,41.97,41.91
417007,0.06,044A02,2017-09-17 11:44:50,0.06,0.0
417008,0.06,044A02,2017-09-17 11:45:00,0.07,0.010000000000000009
417015,0.06,044A02,2017-09-17 11:45:11,0.06,0.0
417016,0.06,044A02,2017-09-17 11:45:21,0.08,0.020000000000000004
417023,0.06,044A02,2017-09-17 11:45:32,0.06,0.0
417024,0.06,044A02,2017-09-17 11:45:42,15.1,15.04
417031,0.06,044A02,2017-09-17 11:45:53,0.06,0.0
417032,0.06,044A02,2017-09-17 11:46:04,0.07,0.010000000000000009
417039,0.06,044A02,2017-09-17 11:46:14,0.06,0.0
417040,0.06,044A02,2017-09-17 11:46:25,0.08,0.020000000000000004
417047,0.06,044A02,2017-09-17 11:46:35,0.06,0.0
417048,0.06,044A02,2017-09-17 11:46:46,5.1,5.04
417055,0.06,044A02,2017-09-17 11:46:56,0.06,0.0
417056,0.06,044A02,2017-09-17 11:47:07,0.07,0.010000000000000009
417063,0.06,044A02,2017-09-17 11:47:17,0.06,0.0
417064,0.06,044A02,2017-09-17 11:47:28,0.08,0.020000000000000004
417071,0.06,044A02,2017-09-17 11:47:38,0.06,0.0
417072,0.06,044A02,2017-09-17 11:47:49,5.72,5.66
417079,0.06,044A02,2017-09-17 11:47:59,0.06,0.0
417080,0.06,044A02,2017-09-17 11:48:10,0.07,0.010000000000000009
417087,0.06,044A02,2017-09-17 11:48:20,0.06,0.0
417088,0.06,044A02,2017-09-17 11:48:31,0.09,0.03
417095,0.06,044A02,2017-09-17 11:48:41,0.06,0.0
417096,0.06,044A02,2017-09-17 11:48:52,5.1,5.04
417103,0.06,044A02,2017-09-17 11:49:02,0.06,0.0
417104,0.06,044A02,2017-09-17 11:49:13,0.08,0.020000000000000004
417111,0.06,044A02,2017-09-17 11:49:23,0.06,0.0
417112,0.06,044A02,2017-09-17 11:49:34,0.09,0.03
417119,0.06,044A02,2017-09-17 11:49:45,0.06,0.0
417120,0.06,044A02,2017-09-17 11:49:55,3.22,3.16
417127,0.06,044A02,2017-09-17 11:50:06,0.06,0.0
417128,0.06,044A02,2017-09-17 11:50:17,0.08,0.020000000000000004
417135,0.06,044A02,2017-09-17 11:50:27,0.06,0.0
417136,0.06,044A02,2017-09-17 11:50:38,0.09,0.03
417143,0.06,044A02,2017-09-17 11:50:48,0.06,0.0
417144,0.06,044A02,2017-09-17 11:50:59,0.1,0.04000000000000001
417151,0.06,044A02,2017-09-17 11:51:09,0.06,0.0
417152,0.06,044A02,2017-09-17 11:51:20,0.08,0.020000000000000004
417159,0.06,044A02,2017-09-17 11:51:30,0.06,0.0
417160,0.06,044A02,2017-09-17 11:51:41,0.09,0.03
417167,0.06,044A02,2017-09-17 11:51:51,0.06,0.0
417168,0.06,044A02,2017-09-17 11:52:02,0.1,0.04000000000000001
417175,0.06,044A02,2017-09-17 11:52:13,0.06,0.0
417176,0.06,044A02,2017-09-17 11:52:23,0.07,0.010000000000000009
417183,0.06,044A02,2017-09-17 11:52:34,0.06,0.0
417184,0.06,044A02,2017-09-17 11:52:44,0.09,0.03
417191,0.06,044A02,2017-09-17 11:52:55,0.06,0.0
417192,0.06,044A02,2017-09-17 11:53:05,0.1,0.04000000000000001
417199,0.06,044A02,2017-09-17 11:53:16,0.06,0.0
417200,0.06,044A02,2017-09-17 11:53:26,0.08,0.020000000000000004
417207,0.06,044A02,2017-09-17 11:53:37,0.06,0.0
417208,0.06,044A02,2017-09-17 11:53:47,0.09,0.03
417215,0.06,044A02,2017-09-17 11:53:58,0.06,0.0
417216,0.06,044A02,2017-09-17 11:54:09,0.1,0.04000000000000001
417223,0.06,044A02,2017-09-17 11:54:20,0.06,0.0
417224,0.06,044A02,2017-09-17 11:54:30,0.08,0.020000000000000004
417231,0.06,044A02,2017-09-17 11:54:41,0.06,0.0
417232,0.06,044A02,2017-09-17 11:54:51,0.09,0.03
417239,0.06,044A02,2017-09-17 11:55:02,0.06,0.0
417240,0.06,044A02,2017-09-17 11:55:13,0.1,0.04000000000000001
417247,0.06,044A02,2017-09-17 11:55:24,0.06,0.0
417248,0.06,044A02,2017-09-17 11:55:34,0.08,0.020000000000000004
417255,0.06,044A02,2017-09-17 11:55:45,0.06,0.0
417256,0.06,044A02,2017-09-17 11:55:55,0.09,0.03
417263,0.06,044A02,2017-09-17 11:56:06,0.06,0.0
417264,0.06,044A02,2017-09-17 11:56:17,0.1,0.04000000000000001
417271,0.06,044A02,2017-09-17 11:56:27,0.06,0.0
417272,0.06,044A02,2017-09-17 11:56:38,0.08,0.020000000000000004
417279,0.06,044A02,2017-09-17 11:56:48,0.06,0.0
417280,0.06,044A02,2017-09-17 11:56:59,0.09,0.03
417287,0.06,044A02,2017-09-17 11:57:09,0.06,0.0
417288,0.06,044A02,2017-09-17 11:57:20,0.1,0.04000000000000001
417295,0.06,044A02,2017-09-17 11:57:30,0.06,0.0
417296,0.06,044A02,2017-09-17 11:57:41,0.08,0.020000000000000004
417303,0.06,044A02,2017-09-17 11:57:51,0.06,0.0
417304,0.06,044A02,2017-09-17 11:58:02,0.09,0.03
417311,0.06,044A02,2017-09-17 11:58:13,0.06,0.0
417312,0.06,044A02,2017-09-17 11:58:24,0.1,0.04000000000000001
417319,0.06,044A02,2017-09-17 11:58:34,0.06,0.0
417320,0.06,044A02,2017-09-17 11:58:45,0.08,0.020000000000000004
417327,0.06,044A02,2017-09-17 11:58:55,0.06,0.0
417328,0.06,044A02,2017-09-17 11:59:06,0.09,0.03
417335,0.06,044A02,2017-09-17 11:59:17,0.06,0.0
417336,0.06,044A02,2017-09-17 11:59:27,0.1,0.04000000000000001
417343,0.06,044A02,2017-09-17 11:59:38,0.06,0.0
417344,0.06,044A02,2017-09-17 11:59:48,0.08,0.020000000000000004
417351,0.06,044A02,2017-09-17 11:59:59,0.06,0.0
417352,0.06,044A02,2017-09-17 12:00:10,0.09,0.03
417359,0.06,044A02,2017-09-17 12:00:22,0.06,0.0
417360,0.06,044A02,2017-09-17 12:00:32,0.1,0.04000000000000001
417367,0.06,044A02,2017-09-17 12:00:43,0.06,0.0
417368,0.06,044A02,2017-09-17 12:00:54,0.08,0.020000000000000004
417375,0.06,044A02,2017-09-17 12:01:04,0.06,0.0
417376,0.06,044A02,2017-09-17 12:01:15,0.09,0.03
417383,0.06,044A02,2017-09-17 12:01:25,0.06,0.0
417384,0.06,044A02,2017-09-17 12:01:36,0.1,0.04000000000000001
417391,0.06,044A02,2017-09-17 12:01:46,0.06,0.0
417392,0.06,044A02,2017-09-17 12:01:57,0.07,0.010000000000000009
417399,0.06,044A02,2017-09-17 12:02:07,0.06,0.0
417400,0.06,044A02,2017-09-17 12:02:18,0.09,0.03
417407,0.06,044A02,2017-09-17 12:02:28,0.06,0.0
417408,0.06,044A02,2017-09-17 12:02:39,0.1,0.04000000000000001
417415,0.06,044A02,2017-09-17 12:02:49,0.06,0.0
417416,0.06,044A02,2017-09-17 12:03:00,0.07,0.010000000000000009
417423,0.06,044A02,2017-09-17 12:03:11,0.06,0.0
417424,0.06,044A02,2017-09-17 12:03:21,0.09,0.03
417431,0.06,044A02,2017-09-17 12:03:32,0.06,0.0
417432,0.06,044A02,2017-09-17 12:03:42,0.1,0.04000000000000001
417439,0.06,044A02,2017-09-17 12:03:53,0.06,0.0
417440,0.06,044A02,2017-09-17 12:04:03,0.07,0.010000000000000009
417447,0.06,044A02,2017-09-17 12:04:14,0.06,0.0
417448,0.06,044A02,2017-09-17 12:04:24,0.09,0.03
417455,0.06,044A02,2017-09-17 12:04:35,0.06,0.0
417456,0.06,044A02,2017-09-17 12:04:45,0.1,0.04000000000000001
417463,0.06,044A02,2017-09-17 12:04:56,0.06,0.0
417464,0.06,044A02,2017-09-17 12:05:07,0.07,0.010000000000000009
417471,0.06,044A02,2017-09-17 12:05:18,0.06,0.0
417472,0.06,044A02,2017-09-17 12:05:29,0.08,0.020000000000000004
417479,0.06,044A02,2017-09-17 12:05:39,0.06,0.0
417480,0.06,044A02,2017-09-17 12:05:50,0.1,0.04000000000000001
417487,0.06,044A02,2017-09-17 12:06:00,0.06,0.0
417488,0.06,044A02,2017-09-17 12:06:11,0.07,0.010000000000000009
417495,0.06,044A02,2017-09-17 12:06:21,0.06,0.0
417496,0.06,044A02,2017-09-17 12:06:32,0.08,0.020000000000000004
417503,0.06,044A02,2017-09-17 12:06:42,0.06,0.0
417504,0.06,044A02,2017-09-17 12:06:53,0.1,0.04000000000000001
417511,0.06,044A02,2017-09-17 12:07:04,0.06,0.0
417512,0.06,044A02,2017-09-17 12:07:14,0.07,0.010000000000000009
417519,0.06,044A02,2017-09-17 12:07:25,0.06,0.0
417520,0.06,044A02,2017-09-17 12:07:36,0.08,0.020000000000000004
417527,0.06,044A02,2017-09-17 12:07:46,0.06,0.0
417528,0.06,044A02,2017-09-17 12:07:56,0.1,0.04000000000000001
417535,0.06,044A02,2017-09-17 12:08:08,0.06,0.0
417536,0.06,044A02,2017-09-17 12:08:19,0.08,0.020000000000000004
417543,0.06,044A02,2017-09-17 12:08:29,0.06,0.0
417544,0.06,044A02,2017-09-17 12:08:40,0.07,0.010000000000000009
417551,0.06,044A02,2017-09-17 12:08:50,0.06,0.0
417552,0.06,044A02,2017-09-17 12:09:01,0.1,0.04000000000000001
417559,0.06,044A02,2017-09-17 12:09:11,0.06,0.0
417560,0.06,044A02,2017-09-17 12:09:22,0.08,0.020000000000000004
417567,0.06,044A02,2017-09-17 12:09:32,0.06,0.0
417568,0.06,044A02,2017-09-17 12:09:43,0.07,0.010000000000000009
417575,0.06,044A02,2017-09-17 12:09:53,0.06,0.0
417576,0.06,044A02,2017-09-17 12:10:04,5.1,5.04
417583,0.06,044A02,2017-09-17 12:10:15,0.06,0.0
417584,0.06,044A02,2017-09-17 12:10:26,0.08,0.020000000000000004
417591,0.06,044A02,2017-09-17 12:10:36,0.06,0.0
417592,0.06,044A02,2017-09-17 12:10:47,0.07,0.010000000000000009
417599,0.06,044A02,2017-09-17 12:10:58,0.06,0.0
417600,0.06,044A02,2017-09-17 12:11:08,0.1,0.04000000000000001
417607,0.06,044A02,2017-09-17 12:11:19,0.06,0.0
417608,0.06,044A02,2017-09-17 12:11:30,0.08,0.020000000000000004
417615,0.06,044A02,2017-09-17 12:11:40,0.06,0.0
417616,0.06,044A02,2017-09-17 12:11:51,0.07,0.010000000000000009
417623,0.06,044A02,2017-09-17 12:12:01,0.06,0.0
417624,0.06,044A02,2017-09-17 12:12:12,0.1,0.04000000000000001
417631,0.06,044A02,2017-09-17 12:12:23,0.06,0.0
417632,0.06,044A02,2017-09-17 12:12:33,0.08,0.020000000000000004
417639,0.06,044A02,2017-09-17 12:12:44,0.06,0.0
417640,0.06,044A02,2017-09-17 12:12:54,0.07,0.010000000000000009
417647,0.06,044A02,2017-09-17 12:13:05,0.06,0.0
417648,0.06,044A02,2017-09-17 12:13:15,0.1,0.04000000000000001
417655,0.06,044A02,2017-09-17 12:13:26,0.06,0.0
417656,0.06,044A02,2017-09-17 12:13:36,0.08,0.020000000000000004
417663,0.06,044A02,2017-09-17 12:13:47,0.06,0.0
417664,0.06,044A02,2017-09-17 12:13:58,0.07,0.010000000000000009
417671,0.06,044A02,2017-09-17 12:14:10,0.06,0.0
417672,0.06,044A02,2017-09-17 12:14:22,0.1,0.04000000000000001
417679,0.06,044A02,2017-09-17 12:14:32,0.06,0.0
417680,0.06,044A02,2017-09-17 12:14:43,0.08,0.020000000000000004
417687,0.06,044A02,2017-09-17 12:14:53,0.06,0.0
417688,0.06,044A02,2017-09-17 12:15:05,0.07,0.010000000000000009
417695,0.06,044A02,2017-09-17 12:15:19,0.06,0.0
417696,0.06,044A02,2017-09-17 12:15:29,0.1,0.04000000000000001
417703,0.06,044A02,2017-09-17 12:15:40,0.06,0.0
417704,0.06,044A02,2017-09-17 12:15:50,0.08,0.020000000000000004
417711,0.06,044A02,2017-09-17 12:16:01,0.06,0.0
417712,0.06,044A02,2017-09-17 12:16:11,0.07,0.010000000000000009
417719,0.06,044A02,2017-09-17 12:16:22,0.06,0.0
417720,0.06,044A02,2017-09-17 12:16:32,0.1,0.04000000000000001
417727,0.06,044A02,2017-09-17 12:16:43,0.06,0.0
417728,0.06,044A02,2017-09-17 12:16:53,0.08,0.020000000000000004
417735,0.06,044A02,2017-09-17 12:17:04,0.06,0.0
417736,0.06,044A02,2017-09-17 12:17:15,0.07,0.010000000000000009
417743,0.06,044A02,2017-09-17 12:17:25,0.06,0.0
417744,0.06,044A02,2017-09-17 12:17:36,0.1,0.04000000000000001
417751,0.06,044A02,2017-09-17 12:17:47,0.06,0.0
417752,0.06,044A02,2017-09-17 12:17:57,0.08,0.020000000000000004
417759,0.06,044A02,2017-09-17 12:18:08,0.06,0.0
417760,0.06,044A02,2017-09-17 12:18:18,0.07,0.010000000000000009
417767,0.06,044A02,2017-09-17 12:18:29,0.06,0.0
417768,0.06,044A02,2017-09-17 12:18:40,0.1,0.04000000000000001
417775,0.06,044A02,2017-09-17 12:18:50,0.06,0.0
417776,0.06,044A02,2017-09-17 12:19:01,0.08,0.020000000000000004
417783,0.06,044A02,2017-09-17 12:19:11,0.06,0.0
417784,0.06,044A02,2017-09-17 12:19:22,0.07,0.010000000000000009
417791,0.06,044A02,2017-09-17 12:19:32,0.06,0.0
417792,0.06,044A02,2017-09-17 12:19:43,6.35,6.29
417799,0.06,044A02,2017-09-17 12:19:53,0.06,0.0
417800,0.06,044A02,2017-09-17 12:20:04,0.08,0.020000000000000004
417807,0.06,044A02,2017-09-17 12:20:15,0.06,0.0
417808,0.06,044A02,2017-09-17 12:20:26,0.07,0.010000000000000009
417815,0.06,044A02,2017-09-17 12:20:36,0.06,0.0
417816,0.06,044A02,2017-09-17 12:20:47,0.1,0.04000000000000001
417823,0.06,044A02,2017-09-17 12:20:57,0.06,0.0
417824,0.06,044A02,2017-09-17 12:21:09,0.08,0.020000000000000004
417831,0.06,044A02,2017-09-17 12:21:19,0.06,0.0
417832,0.06,044A02,2017-09-17 12:21:30,0.07,0.010000000000000009
417839,0.06,044A02,2017-09-17 12:21:40,0.06,0.0
417840,0.06,044A02,2017-09-17 12:21:51,4.47,4.41
417847,0.06,044A02,2017-09-17 12:22:02,0.06,0.0
417848,0.06,044A02,2017-09-17 12:22:12,0.08,0.020000000000000004
417855,0.06,044A02,2017-09-17 12:22:23,0.06,0.0
417856,0.06,044A02,2017-09-17 12:22:33,0.07,0.010000000000000009
417863,0.06,044A02,2017-09-17 12:22:44,0.06,0.0
417864,0.06,044A02,2017-09-17 12:22:55,3.22,3.16
417871,0.06,044A02,2017-09-17 12:23:06,0.06,0.0
417872,0.06,044A02,2017-09-17 12:23:16,0.08,0.020000000000000004
417879,0.06,044A02,2017-09-17 12:23:27,0.06,0.0
417880,0.06,044A02,2017-09-17 12:23:37,0.07,0.010000000000000009
417887,0.06,044A02,2017-09-17 12:23:48,0.06,0.0
417888,0.06,044A02,2017-09-17 12:23:58,18.22,18.16
417895,0.06,044A02,2017-09-17 12:24:09,0.06,0.0
417896,0.06,044A02,2017-09-17 12:24:20,0.08,0.020000000000000004
417903,0.06,044A02,2017-09-17 12:24:30,0.06,0.0
417904,0.06,044A02,2017-09-17 12:24:41,0.07,0.010000000000000009
417911,0.06,044A02,2017-09-17 12:24:51,0.06,0.0
417912,0.06,044A02,2017-09-17 12:25:02,10.1,10.04
417919,0.06,044A02,2017-09-17 12:25:12,0.06,0.0
417920,0.06,044A02,2017-09-17 12:25:23,0.08,0.020000000000000004
417927,0.06,044A02,2017-09-17 12:25:33,0.06,0.0
417928,0.06,044A02,2017-09-17 12:25:44,0.07,0.010000000000000009
417935,0.06,044A02,2017-09-17 12:25:55,0.06,0.0
417936,0.06,044A02,2017-09-17 12:26:05,30.09,30.03
417943,0.06,044A02,2017-09-17 12:26:16,0.06,0.0
417944,0.06,044A02,2017-09-17 12:26:26,0.08,0.020000000000000004
417951,0.06,044A02,2017-09-17 12:26:37,0.06,0.0
417952,0.06,044A02,2017-09-17 12:26:48,0.07,0.010000000000000009
417959,0.06,044A02,2017-09-17 12:26:58,0.06,0.0
417960,0.06,044A02,2017-09-17 12:27:09,103.83,103.77
417967,0.06,044A02,2017-09-17 12:27:19,0.06,0.0
417968,0.06,044A02,2017-09-17 12:27:30,0.08,0.020000000000000004
417975,0.06,044A02,2017-09-17 12:27:40,0.06,0.0
417976,0.06,044A02,2017-09-17 12:27:51,0.07,0.010000000000000009
417983,0.06,044A02,2017-09-17 12:28:02,0.06,0.0
417984,0.06,044A02,2017-09-17 12:28:12,145.07,145.01
417991,0.06,044A02,2017-09-17 12:28:23,0.06,0.0
417992,0.06,044A02,2017-09-17 12:28:33,0.08,0.020000000000000004
417999,0.06,044A02,2017-09-17 12:28:44,0.06,0.0
418000,0.06,044A02,2017-09-17 12:28:54,0.07,0.010000000000000009
418007,0.06,044A02,2017-09-17 12:29:05,0.06,0.0
418008,0.06,044A02,2017-09-17 12:29:16,203.81,203.75
418015,0.06,044A02,2017-09-17 12:29:27,0.06,0.0
418016,0.06,044A02,2017-09-17 12:29:37,0.08,0.020000000000000004
418023,0.06,044A02,2017-09-17 12:29:48,0.06,0.0
418024,0.06,044A02,2017-09-17 12:29:59,0.07,0.010000000000000009
418031,0.06,044A02,2017-09-17 12:30:09,0.06,0.0
418032,0.06,044A02,2017-09-17 12:30:20,141.95,141.89
418039,0.06,044A02,2017-09-17 12:30:32,0.06,0.0
418040,0.06,044A02,2017-09-17 12:30:43,0.08,0.020000000000000004
418047,0.06,044A02,2017-09-17 12:30:53,0.06,0.0
418048,0.06,044A02,2017-09-17 12:31:04,0.07,0.010000000000000009
418055,0.06,044A02,2017-09-17 12:31:14,0.06,0.0
418056,0.06,044A02,2017-09-17 12:31:25,35.09,35.03
418063,0.06,044A02,2017-09-17 12:31:35,0.06,0.0
418064,0.06,044A02,2017-09-17 12:31:46,0.08,0.020000000000000004
418071,0.06,044A02,2017-09-17 12:31:56,0.06,0.0
418072,0.06,044A02,2017-09-17 12:32:07,0.07,0.010000000000000009
418079,0.06,044A02,2017-09-17 12:32:18,0.06,0.0
418080,0.06,044A02,2017-09-17 12:32:28,0.1,0.04000000000000001
418087,0.06,044A02,2017-09-17 12:32:39,0.06,0.0
418088,0.06,044A02,2017-09-17 12:32:49,0.08,0.020000000000000004
418095,0.06,044A02,2017-09-17 12:33:00,0.06,0.0
418096,0.06,044A02,2017-09-17 12:33:10,0.07,0.010000000000000009
418103,0.06,044A02,2017-09-17 12:33:21,0.06,0.0
418104,0.06,044A02,2017-09-17 12:33:31,0.1,0.04000000000000001
418111,0.06,044A02,2017-09-17 12:33:42,0.06,0.0
418112,0.06,044A02,2017-09-17 12:33:52,0.08,0.020000000000000004
418119,0.06,044A02,2017-09-17 12:34:03,0.06,0.0
418120,0.06,044A02,2017-09-17 12:34:13,0.07,0.010000000000000009
418127,0.06,044A02,2017-09-17 12:34:24,0.06,0.0
418128,0.06,044A02,2017-09-17 12:34:34,0.1,0.04000000000000001
418135,0.06,044A02,2017-09-17 12:34:45,0.06,0.0
418136,0.06,044A02,2017-09-17 12:34:55,0.08,0.020000000000000004
418143,0.06,044A02,2017-09-17 12:35:06,0.06,0.0
418144,0.06,044A02,2017-09-17 12:35:17,0.07,0.010000000000000009
418151,0.06,044A02,2017-09-17 12:35:28,0.06,0.0
418152,0.06,044A02,2017-09-17 12:35:38,0.1,0.04000000000000001
418159,0.06,044A02,2017-09-17 12:35:48,0.06,0.0
418160,0.06,044A02,2017-09-17 12:35:59,0.08,0.020000000000000004
418167,0.06,044A02,2017-09-17 12:36:09,0.06,0.0
418168,0.06,044A02,2017-09-17 12:36:20,0.07,0.010000000000000009
418175,0.06,044A02,2017-09-17 12:36:31,0.06,0.0
418176,0.06,044A02,2017-09-17 12:36:41,0.1,0.04000000000000001
418183,0.06,044A02,2017-09-17 12:36:52,0.06,0.0
418184,0.06,044A02,2017-09-17 12:37:02,0.08,0.020000000000000004
418191,0.06,044A02,2017-09-17 12:37:13,0.06,0.0
418192,0.06,044A02,2017-09-17 12:37:23,0.07,0.010000000000000009
418199,0.06,044A02,2017-09-17 12:37:34,0.06,0.0
418200,0.06,044A02,2017-09-17 12:37:44,0.1,0.04000000000000001
418207,0.06,044A02,2017-09-17 12:37:55,0.06,0.0
418208,0.06,044A02,2017-09-17 12:38:05,0.09,0.03
418215,0.06,044A02,2017-09-17 12:38:16,0.06,0.0
418216,0.06,044A02,2017-09-17 12:38:26,0.08,0.020000000000000004
418223,0.07,044A02,2017-09-17 12:38:37,0.07,0.0
418224,0.07,044A02,2017-09-17 12:38:48,23.22,23.15
418231,0.06,044A02,2017-09-17 12:38:58,0.06,0.0
418232,0.06,044A02,2017-09-17 12:39:09,0.09,0.03
418239,0.06,044A02,2017-09-17 12:39:20,0.06,0.0
418240,0.06,044A02,2017-09-17 12:39:30,0.08,0.020000000000000004
418247,0.07,044A02,2017-09-17 12:39:41,0.06,-0.010000000000000009
418248,0.06,044A02,2017-09-17 12:39:51,68.21,68.14999999999999
418255,0.06,044A02,2017-09-17 12:40:02,0.06,0.0
418256,0.06,044A02,2017-09-17 12:40:14,0.09,0.03
418263,0.06,044A02,2017-09-17 12:40:26,0.06,0.0
418264,0.06,044A02,2017-09-17 12:40:38,0.08,0.020000000000000004
418271,0.06,044A02,2017-09-17 12:40:51,0.06,0.0
418272,0.06,044A02,2017-09-17 12:41:01,95.08,95.02
418279,0.06,044A02,2017-09-17 12:41:12,0.06,0.0
418280,0.06,044A02,2017-09-17 12:41:23,0.09,0.03
418287,0.06,044A02,2017-09-17 12:41:33,0.06,0.0
418288,0.06,044A02,2017-09-17 12:41:45,0.08,0.020000000000000004
418295,0.06,044A02,2017-09-17 12:41:56,0.06,0.0
418296,0.06,044A02,2017-09-17 12:42:06,103.2,103.14
418303,0.06,044A02,2017-09-17 12:42:17,0.06,0.0
418304,0.06,044A02,2017-09-17 12:42:28,0.09,0.03
418311,0.06,044A02,2017-09-17 12:42:38,0.06,0.0
418312,0.06,044A02,2017-09-17 12:42:49,0.08,0.020000000000000004
418319,0.06,044A02,2017-09-17 12:43:00,0.06,0.0
418320,0.06,044A02,2017-09-17 12:43:11,131.95,131.89
418327,0.06,044A02,2017-09-17 12:43:21,0.06,0.0
418328,0.06,044A02,2017-09-17 12:43:32,0.09,0.03
418335,0.06,044A02,2017-09-17 12:43:42,0.06,0.0
418336,0.06,044A02,2017-09-17 12:43:53,0.08,0.020000000000000004
418343,0.06,044A02,2017-09-17 12:44:03,0.06,0.0
418344,0.06,044A02,2017-09-17 12:44:14,126.95,126.89
418351,0.06,044A02,2017-09-17 12:44:24,0.06,0.0
418352,0.06,044A02,2017-09-17 12:44:35,0.09,0.03
418359,0.06,044A02,2017-09-17 12:44:45,0.06,0.0
418360,0.06,044A02,2017-09-17 12:44:56,0.07,0.010000000000000009
418367,0.06,044A02,2017-09-17 12:45:07,0.06,0.0
418368,0.06,044A02,2017-09-17 12:45:20,114.45,114.39
418375,0.06,044A02,2017-09-17 12:45:32,0.06,0.0
418376,0.06,044A02,2017-09-17 12:45:44,0.09,0.03
418383,0.06,044A02,2017-09-17 12:45:57,0.06,0.0
418384,0.06,044A02,2017-09-17 12:46:09,0.07,0.010000000000000009
418391,0.06,044A02,2017-09-17 12:46:20,0.06,0.0
418392,0.06,044A02,2017-09-17 12:46:30,122.58,122.52
418399,0.06,044A02,2017-09-17 12:46:41,0.06,0.0
418400,0.06,044A02,2017-09-17 12:46:51,0.09,0.03
418407,0.06,044A02,2017-09-17 12:47:02,0.06,0.0
418408,0.06,044A02,2017-09-17 12:47:13,0.07,0.010000000000000009
418415,0.06,044A02,2017-09-17 12:47:23,0.06,0.0
418416,0.06,044A02,2017-09-17 12:47:34,139.45,139.39
418423,0.06,044A02,2017-09-17 12:47:44,0.06,0.0
418424,0.06,044A02,2017-09-17 12:47:55,0.08,0.020000000000000004
418431,0.06,044A02,2017-09-17 12:48:05,0.06,0.0
418432,0.06,044A02,2017-09-17 12:48:16,0.07,0.010000000000000009
418439,0.06,044A02,2017-09-17 12:48:27,0.06,0.0
418440,0.06,044A02,2017-09-17 12:48:37,141.32,141.26
418447,0.06,044A02,2017-09-17 12:48:48,0.06,0.0
418448,0.06,044A02,2017-09-17 12:48:58,0.08,0.020000000000000004
418455,0.06,044A02,2017-09-17 12:49:09,0.06,0.0
418456,0.06,044A02,2017-09-17 12:49:19,0.07,0.010000000000000009
418463,0.06,044A02,2017-09-17 12:49:30,0.06,0.0
418464,0.06,044A02,2017-09-17 12:49:40,103.2,103.14
418471,0.06,044A02,2017-09-17 12:49:51,0.06,0.0
418472,0.06,044A02,2017-09-17 12:50:02,0.08,0.020000000000000004
418479,0.06,044A02,2017-09-17 12:50:13,0.06,0.0
418480,0.06,044A02,2017-09-17 12:50:24,0.07,0.010000000000000009
418487,0.06,044A02,2017-09-17 12:50:34,0.06,0.0
418488,0.06,044A02,2017-09-17 12:50:45,81.96,81.89999999999999
418495,0.06,044A02,2017-09-17 12:50:55,0.06,0.0
418496,0.06,044A02,2017-09-17 12:51:06,0.08,0.020000000000000004
418503,0.06,044A02,2017-09-17 12:51:17,0.06,0.0
418504,0.06,044A02,2017-09-17 12:51:27,0.07,0.010000000000000009
418511,0.06,044A02,2017-09-17 12:51:38,0.06,0.0
418512,0.06,044A02,2017-09-17 12:51:48,101.33,101.27
418519,0.06,044A02,2017-09-17 12:51:59,0.06,0.0
418520,0.06,044A02,2017-09-17 12:52:09,0.09,0.03
418527,0.06,044A02,2017-09-17 12:52:20,0.06,0.0
418528,0.06,044A02,2017-09-17 12:52:30,0.07,0.010000000000000009
418535,0.06,044A02,2017-09-17 12:52:41,0.06,0.0
418536,0.06,044A02,2017-09-17 12:52:51,92.58,92.52
418543,0.06,044A02,2017-09-17 12:53:02,0.06,0.0
418544,0.06,044A02,2017-09-17 12:53:13,0.08,0.020000000000000004
418551,0.06,044A02,2017-09-17 12:53:25,0.06,0.0
418552,0.06,044A02,2017-09-17 12:53:37,0.08,0.020000000000000004
418559,0.06,044A02,2017-09-17 12:53:50,0.06,0.0
418560,0.06,044A02,2017-09-17 12:54:01,136.32,136.26
418567,0.06,044A02,2017-09-17 12:54:12,0.06,0.0
418568,0.06,044A02,2017-09-17 12:54:23,0.09,0.03
418575,0.06,044A02,2017-09-17 12:54:33,0.06,0.0
418576,0.06,044A02,2017-09-17 12:54:44,0.08,0.020000000000000004
418583,0.06,044A02,2017-09-17 12:54:54,0.06,0.0
418584,0.06,044A02,2017-09-17 12:55:05,90.08,90.02
418591,0.06,044A02,2017-09-17 12:55:15,0.06,0.0
418592,0.06,044A02,2017-09-17 12:55:26,0.09,0.03
418599,0.06,044A02,2017-09-17 12:55:36,0.06,0.0
418600,0.06,044A02,2017-09-17 12:55:47,0.07,0.010000000000000009
418607,0.06,044A02,2017-09-17 12:55:57,0.06,0.0
418608,0.06,044A02,2017-09-17 12:56:08,95.71,95.64999999999999
418615,0.06,044A02,2017-09-17 12:56:18,0.06,0.0
418616,0.06,044A02,2017-09-17 12:56:29,0.09,0.03
418623,0.06,044A02,2017-09-17 12:56:40,0.06,0.0
418624,0.06,044A02,2017-09-17 12:56:50,0.07,0.010000000000000009
418631,0.06,044A02,2017-09-17 12:57:01,0.06,0.0
418632,0.06,044A02,2017-09-17 12:57:12,78.21,78.14999999999999
418639,0.06,044A02,2017-09-17 12:57:22,0.06,0.0
418640,0.06,044A02,2017-09-17 12:57:33,0.08,0.020000000000000004
418647,0.06,044A02,2017-09-17 12:57:43,0.06,0.0
418648,0.06,044A02,2017-09-17 12:57:54,0.07,0.010000000000000009
418655,0.06,044A02,2017-09-17 12:58:04,0.06,0.0
418656,0.06,044A02,2017-09-17 12:58:15,66.34,66.28
418663,0.06,044A02,2017-09-17 12:58:25,0.06,0.0
418664,0.06,044A02,2017-09-17 12:58:36,0.08,0.020000000000000004
418671,0.06,044A02,2017-09-17 12:58:46,0.06,0.0
418672,0.06,044A02,2017-09-17 12:58:57,0.07,0.010000000000000009
418679,0.06,044A02,2017-09-17 12:59:07,0.06,0.0
418680,0.06,044A02,2017-09-17 12:59:18,93.83,93.77
418687,0.06,044A02,2017-09-17 12:59:29,0.06,0.0
418688,0.06,044A02,2017-09-17 12:59:39,0.08,0.020000000000000004
418695,0.06,044A02,2017-09-17 12:59:50,0.06,0.0
